{
    "backward_flow": {
        "max": 18.098167419433594,
        "min": -14.50958251953125
    },
    "depth": {
        "max": 64.21101379394531,
        "min": 5.510275840759277
    },
    "forward_flow": {
        "max": 18.103315353393555,
        "min": -14.495194435119629
    }
}