{
    "backward_flow": {
        "max": 29.336029052734375,
        "min": -16.529029846191406
    },
    "depth": {
        "max": 46.991188049316406,
        "min": 5.483131408691406
    },
    "forward_flow": {
        "max": 29.339921951293945,
        "min": -16.526615142822266
    }
}