{
    "backward_flow": {
        "max": 20.095138549804688,
        "min": -8.6563720703125
    },
    "depth": {
        "max": 59.35723114013672,
        "min": 6.549137115478516
    },
    "forward_flow": {
        "max": 20.091901779174805,
        "min": -8.654745101928711
    }
}